{
  "project_info": {
    "project_number": "628955102804",
    "project_id": "emodoc-8de63",
    "storage_bucket": "emodoc-8de63.appspot.com"
  },
  "client": [
    {
      "client_info": {
        "mobilesdk_app_id": "1:628955102804:android:39e34c7e513e02bd69b7c1",
        "android_client_info": {
          "package_name": "com.example.emodoc"
        }
      },
      "oauth_client": [
        {
          "client_id": "628955102804-oehskudetbur6susviuo6lpplb2jm092.apps.googleusercontent.com",
          "client_type": 3
        }
      ],
      "api_key": [
        {
          "current_key": "AIzaSyCkTNZ62G3Vsq4HIFY36g0gol8OYoCEoVw"
        }
      ],
      "services": {
        "appinvite_service": {
          "other_platform_oauth_client": [
            {
              "client_id": "628955102804-oehskudetbur6susviuo6lpplb2jm092.apps.googleusercontent.com",
              "client_type": 3
            }
          ]
        }
      }
    }
  ],
  "configuration_version": "1"
}